{
  "__version__": "1.0.0",
  "builder": {},
  "gizmos-infos": {
    "is2D": false,
    "is3DIcon": false,
    "iconSize": 2,
    "gridVisible": true,
    "gridColor": [
      166,
      166,
      166,
      255
    ],
    "isIconGizmo3D": false,
    "iconGizmoSize": 2,
    "isGridVisible": true
  },
  "": {
    "sculpt_brush_rotate": 0
  },
  "camera": {
    "fov": 45,
    "far": 10000,
    "near": 0.01,
    "color": [
      48,
      48,
      48,
      255
    ],
    "wheelSpeed": 0.01,
    "wanderSpeed": 10,
    "enableAcceleration": true,
    "far2D": 10000,
    "near2D": 1,
    "wheelSpeed2D": 6,
    "size": "__default_design__"
  },
  "camera-infos": {
    "f46876e4-e81b-4931-b493-6d367be385e7": {
      "position": {
        "x": 50,
        "y": 50,
        "z": 50
      },
      "rotation": {
        "x": -0.27984814233312133,
        "y": 0.3647051996310009,
        "z": 0.11591689595929512,
        "w": 0.8804762392171493
      },
      "viewCenter": {
        "x": 0,
        "y": 0,
        "z": 0
      }
    },
    "b387bb2f-d11b-40c6-b191-3c2020931d22": {
      "position": {
        "x": 126.75201600707409,
        "y": 126.75201600707409,
        "z": 126.75201600707409
      },
      "rotation": {
        "x": 0.03596998771366505,
        "y": 0.6019332135591218,
        "z": -0.027156966530553803,
        "w": 0.7972735199209402
      },
      "viewCenter": {
        "x": -83.53683564380431,
        "y": 146.5215007678177,
        "z": 66.86890462145809
      }
    }
  },
  "camera-uuids": [
    "b387bb2f-d11b-40c6-b191-3c2020931d22"
  ]
}
