{
  "__type__": "cc.SpriteFrame",
  "content": {
    "name": "yanhua_11",
    "atlas": "",
    "rect": {
      "x": 3,
      "y": 2,
      "width": 334,
      "height": 204
    },
    "offset": {
      "x": -10,
      "y": 18.5
    },
    "originalSize": {
      "width": 360,
      "height": 245
    },
    "rotated": false,
    "capInsets": [
      0,
      0,
      0,
      0
    ],
    "vertices": {
      "rawPosition": [
        -167,
        -102,
        0,
        167,
        -102,
        0,
        -167,
        102,
        0,
        167,
        102,
        0
      ],
      "indexes": [
        0,
        1,
        2,
        2,
        1,
        3
      ],
      "uv": [
        3,
        243,
        337,
        243,
        3,
        39,
        337,
        39
      ],
      "nuv": [
        0.008333333333333333,
        0.15918367346938775,
        0.9361111111111111,
        0.15918367346938775,
        0.008333333333333333,
        0.9918367346938776,
        0.9361111111111111,
        0.9918367346938776
      ],
      "minPos": {
        "x": -167,
        "y": -102,
        "z": 0
      },
      "maxPos": {
        "x": 167,
        "y": 102,
        "z": 0
      }
    },
    "texture": "8f40db2d-a154-47ca-a818-9569d2f545e0@6c48a",
    "packable": true,
    "pixelsToUnit": 100,
    "pivot": {
      "x": 0.5,
      "y": 0.5
    },
    "meshType": 0
  }
}