{
  "__type__": "cc.SpriteFrame",
  "content": {
    "name": "yanhua_01",
    "atlas": "",
    "rect": {
      "x": 74,
      "y": 85,
      "width": 241,
      "height": 160
    },
    "offset": {
      "x": 14.5,
      "y": -42.5
    },
    "originalSize": {
      "width": 360,
      "height": 245
    },
    "rotated": false,
    "capInsets": [
      0,
      0,
      0,
      0
    ],
    "vertices": {
      "rawPosition": [
        -120.5,
        -80,
        0,
        120.5,
        -80,
        0,
        -120.5,
        80,
        0,
        120.5,
        80,
        0
      ],
      "indexes": [
        0,
        1,
        2,
        2,
        1,
        3
      ],
      "uv": [
        74,
        160,
        315,
        160,
        74,
        0,
        315,
        0
      ],
      "nuv": [
        0.20555555555555555,
        0,
        0.875,
        0,
        0.20555555555555555,
        0.6530612244897959,
        0.875,
        0.6530612244897959
      ],
      "minPos": {
        "x": -120.5,
        "y": -80,
        "z": 0
      },
      "maxPos": {
        "x": 120.5,
        "y": 80,
        "z": 0
      }
    },
    "texture": "02bd3f49-1bdc-4f29-b555-ff448d9d5734@6c48a",
    "packable": true,
    "pixelsToUnit": 100,
    "pivot": {
      "x": 0.5,
      "y": 0.5
    },
    "meshType": 0
  }
}