{
  "__type__": "cc.SpriteFrame",
  "content": {
    "name": "cloud3",
    "atlas": "",
    "rect": {
      "x": 30,
      "y": 21,
      "width": 351,
      "height": 271
    },
    "offset": {
      "x": 5.5,
      "y": -6
    },
    "originalSize": {
      "width": 400,
      "height": 301
    },
    "rotated": false,
    "capInsets": [
      0,
      0,
      0,
      0
    ],
    "vertices": {
      "rawPosition": [
        -175.5,
        -135.5,
        0,
        175.5,
        -135.5,
        0,
        -175.5,
        135.5,
        0,
        175.5,
        135.5,
        0
      ],
      "indexes": [
        0,
        1,
        2,
        2,
        1,
        3
      ],
      "uv": [
        30,
        280,
        381,
        280,
        30,
        9,
        381,
        9
      ],
      "nuv": [
        0.075,
        0.029900332225913623,
        0.9525,
        0.029900332225913623,
        0.075,
        0.9302325581395349,
        0.9525,
        0.9302325581395349
      ],
      "minPos": {
        "x": -175.5,
        "y": -135.5,
        "z": 0
      },
      "maxPos": {
        "x": 175.5,
        "y": 135.5,
        "z": 0
      }
    },
    "texture": "4c6179e5-5e17-4815-be3a-d31c7271e57a@6c48a",
    "packable": true,
    "pixelsToUnit": 100,
    "pivot": {
      "x": 0.5,
      "y": 0.5
    },
    "meshType": 0
  }
}