{
  "__type__": "cc.SpriteFrame",
  "content": {
    "name": "yanhua_02",
    "atlas": "",
    "rect": {
      "x": 70,
      "y": 74,
      "width": 251,
      "height": 148
    },
    "offset": {
      "x": 15.5,
      "y": -25.5
    },
    "originalSize": {
      "width": 360,
      "height": 245
    },
    "rotated": false,
    "capInsets": [
      0,
      0,
      0,
      0
    ],
    "vertices": {
      "rawPosition": [
        -125.5,
        -74,
        0,
        125.5,
        -74,
        0,
        -125.5,
        74,
        0,
        125.5,
        74,
        0
      ],
      "indexes": [
        0,
        1,
        2,
        2,
        1,
        3
      ],
      "uv": [
        70,
        171,
        321,
        171,
        70,
        23,
        321,
        23
      ],
      "nuv": [
        0.19444444444444445,
        0.09387755102040816,
        0.8916666666666667,
        0.09387755102040816,
        0.19444444444444445,
        0.6979591836734694,
        0.8916666666666667,
        0.6979591836734694
      ],
      "minPos": {
        "x": -125.5,
        "y": -74,
        "z": 0
      },
      "maxPos": {
        "x": 125.5,
        "y": 74,
        "z": 0
      }
    },
    "texture": "ad715106-aa1b-4fcd-af4c-846374f494c1@6c48a",
    "packable": true,
    "pixelsToUnit": 100,
    "pivot": {
      "x": 0.5,
      "y": 0.5
    },
    "meshType": 0
  }
}