{
  "__type__": "cc.SpriteFrame",
  "content": {
    "name": "yanhua_05",
    "atlas": "",
    "rect": {
      "x": 48,
      "y": 2,
      "width": 312,
      "height": 225
    },
    "offset": {
      "x": 24,
      "y": 8
    },
    "originalSize": {
      "width": 360,
      "height": 245
    },
    "rotated": false,
    "capInsets": [
      0,
      0,
      0,
      0
    ],
    "vertices": {
      "rawPosition": [
        -156,
        -112.5,
        0,
        156,
        -112.5,
        0,
        -156,
        112.5,
        0,
        156,
        112.5,
        0
      ],
      "indexes": [
        0,
        1,
        2,
        2,
        1,
        3
      ],
      "uv": [
        48,
        243,
        360,
        243,
        48,
        18,
        360,
        18
      ],
      "nuv": [
        0.13333333333333333,
        0.07346938775510205,
        1,
        0.07346938775510205,
        0.13333333333333333,
        0.9918367346938776,
        1,
        0.9918367346938776
      ],
      "minPos": {
        "x": -156,
        "y": -112.5,
        "z": 0
      },
      "maxPos": {
        "x": 156,
        "y": 112.5,
        "z": 0
      }
    },
    "texture": "64a8f5cf-aeff-40fa-82f5-8a2f29bac2f3@6c48a",
    "packable": true,
    "pixelsToUnit": 100,
    "pivot": {
      "x": 0.5,
      "y": 0.5
    },
    "meshType": 0
  }
}