{
  "__type__": "cc.SpriteFrame",
  "content": {
    "name": "yanhua_10",
    "atlas": "",
    "rect": {
      "x": 1,
      "y": 1,
      "width": 355,
      "height": 220
    },
    "offset": {
      "x": -1.5,
      "y": 11.5
    },
    "originalSize": {
      "width": 360,
      "height": 245
    },
    "rotated": false,
    "capInsets": [
      0,
      0,
      0,
      0
    ],
    "vertices": {
      "rawPosition": [
        -177.5,
        -110,
        0,
        177.5,
        -110,
        0,
        -177.5,
        110,
        0,
        177.5,
        110,
        0
      ],
      "indexes": [
        0,
        1,
        2,
        2,
        1,
        3
      ],
      "uv": [
        1,
        244,
        356,
        244,
        1,
        24,
        356,
        24
      ],
      "nuv": [
        0.002777777777777778,
        0.09795918367346938,
        0.9888888888888889,
        0.09795918367346938,
        0.002777777777777778,
        0.9959183673469387,
        0.9888888888888889,
        0.9959183673469387
      ],
      "minPos": {
        "x": -177.5,
        "y": -110,
        "z": 0
      },
      "maxPos": {
        "x": 177.5,
        "y": 110,
        "z": 0
      }
    },
    "texture": "0a5364b6-913f-4380-9883-fccc1057f55e@6c48a",
    "packable": true,
    "pixelsToUnit": 100,
    "pivot": {
      "x": 0.5,
      "y": 0.5
    },
    "meshType": 0
  }
}