{
  "__type__": "cc.SpriteFrame",
  "content": {
    "name": "yanhua_09",
    "atlas": "",
    "rect": {
      "x": 2,
      "y": 3,
      "width": 358,
      "height": 224
    },
    "offset": {
      "x": 1,
      "y": 7.5
    },
    "originalSize": {
      "width": 360,
      "height": 245
    },
    "rotated": false,
    "capInsets": [
      0,
      0,
      0,
      0
    ],
    "vertices": {
      "rawPosition": [
        -179,
        -112,
        0,
        179,
        -112,
        0,
        -179,
        112,
        0,
        179,
        112,
        0
      ],
      "indexes": [
        0,
        1,
        2,
        2,
        1,
        3
      ],
      "uv": [
        2,
        242,
        360,
        242,
        2,
        18,
        360,
        18
      ],
      "nuv": [
        0.005555555555555556,
        0.07346938775510205,
        1,
        0.07346938775510205,
        0.005555555555555556,
        0.9877551020408163,
        1,
        0.9877551020408163
      ],
      "minPos": {
        "x": -179,
        "y": -112,
        "z": 0
      },
      "maxPos": {
        "x": 179,
        "y": 112,
        "z": 0
      }
    },
    "texture": "74d0f5b5-2731-4b01-b1c4-32b7339a2080@6c48a",
    "packable": true,
    "pixelsToUnit": 100,
    "pivot": {
      "x": 0.5,
      "y": 0.5
    },
    "meshType": 0
  }
}