{
  "__type__": "cc.SpriteFrame",
  "content": {
    "name": "yanhua0",
    "atlas": "",
    "rect": {
      "x": 1,
      "y": 74,
      "width": 721,
      "height": 892
    },
    "offset": {
      "x": -150.5,
      "y": -8
    },
    "originalSize": {
      "width": 1024,
      "height": 1024
    },
    "rotated": false,
    "capInsets": [
      0,
      0,
      0,
      0
    ],
    "vertices": {
      "rawPosition": [
        -360.5,
        -446,
        0,
        360.5,
        -446,
        0,
        -360.5,
        446,
        0,
        360.5,
        446,
        0
      ],
      "indexes": [
        0,
        1,
        2,
        2,
        1,
        3
      ],
      "uv": [
        1,
        950,
        722,
        950,
        1,
        58,
        722,
        58
      ],
      "nuv": [
        0.0009765625,
        0.056640625,
        0.705078125,
        0.056640625,
        0.0009765625,
        0.927734375,
        0.705078125,
        0.927734375
      ],
      "minPos": {
        "x": -360.5,
        "y": -446,
        "z": 0
      },
      "maxPos": {
        "x": 360.5,
        "y": 446,
        "z": 0
      }
    },
    "texture": "9b9026a4-27e0-4d90-8506-6b708581e8f5@6c48a",
    "packable": true,
    "pixelsToUnit": 100,
    "pivot": {
      "x": 0.5,
      "y": 0.5
    },
    "meshType": 0
  }
}