{
  "__type__": "cc.SpriteFrame",
  "content": {
    "name": "yanhua_12",
    "atlas": "",
    "rect": {
      "x": 7,
      "y": 35,
      "width": 321,
      "height": 162
    },
    "offset": {
      "x": -12.5,
      "y": 6.5
    },
    "originalSize": {
      "width": 360,
      "height": 245
    },
    "rotated": false,
    "capInsets": [
      0,
      0,
      0,
      0
    ],
    "vertices": {
      "rawPosition": [
        -160.5,
        -81,
        0,
        160.5,
        -81,
        0,
        -160.5,
        81,
        0,
        160.5,
        81,
        0
      ],
      "indexes": [
        0,
        1,
        2,
        2,
        1,
        3
      ],
      "uv": [
        7,
        210,
        328,
        210,
        7,
        48,
        328,
        48
      ],
      "nuv": [
        0.019444444444444445,
        0.19591836734693877,
        0.9111111111111111,
        0.19591836734693877,
        0.019444444444444445,
        0.8571428571428571,
        0.9111111111111111,
        0.8571428571428571
      ],
      "minPos": {
        "x": -160.5,
        "y": -81,
        "z": 0
      },
      "maxPos": {
        "x": 160.5,
        "y": 81,
        "z": 0
      }
    },
    "texture": "b5e6c014-a723-447c-8a02-abd8aeea7e28@6c48a",
    "packable": true,
    "pixelsToUnit": 100,
    "pivot": {
      "x": 0.5,
      "y": 0.5
    },
    "meshType": 0
  }
}