{
  "__type__": "cc.SpriteFrame",
  "content": {
    "name": "farm_soil_tiles",
    "atlas": "",
    "rect": {
      "x": 1,
      "y": 2,
      "width": 1004,
      "height": 103
    },
    "offset": {
      "x": 0.5,
      "y": -0.5
    },
    "originalSize": {
      "width": 1005,
      "height": 106
    },
    "rotated": false,
    "capInsets": [
      0,
      0,
      0,
      0
    ],
    "vertices": {
      "rawPosition": [
        -502,
        -51.5,
        0,
        502,
        -51.5,
        0,
        -502,
        51.5,
        0,
        502,
        51.5,
        0
      ],
      "indexes": [
        0,
        1,
        2,
        2,
        1,
        3
      ],
      "uv": [
        1,
        104,
        1005,
        104,
        1,
        1,
        1005,
        1
      ],
      "nuv": [
        0.0009950248756218905,
        0.009433962264150943,
        1,
        0.009433962264150943,
        0.0009950248756218905,
        0.9811320754716981,
        1,
        0.9811320754716981
      ],
      "minPos": {
        "x": -502,
        "y": -51.5,
        "z": 0
      },
      "maxPos": {
        "x": 502,
        "y": 51.5,
        "z": 0
      }
    },
    "texture": "b4f23a24-76fd-4795-9ccc-9f3e1ae75deb@6c48a",
    "packable": true,
    "pixelsToUnit": 100,
    "pivot": {
      "x": 0.5,
      "y": 0.5
    },
    "meshType": 0
  }
}