{
  "__type__": "cc.SpriteFrame",
  "content": {
    "name": "yanhua_07",
    "atlas": "",
    "rect": {
      "x": 1,
      "y": 3,
      "width": 359,
      "height": 225
    },
    "offset": {
      "x": 0.5,
      "y": 7
    },
    "originalSize": {
      "width": 360,
      "height": 245
    },
    "rotated": false,
    "capInsets": [
      0,
      0,
      0,
      0
    ],
    "vertices": {
      "rawPosition": [
        -179.5,
        -112.5,
        0,
        179.5,
        -112.5,
        0,
        -179.5,
        112.5,
        0,
        179.5,
        112.5,
        0
      ],
      "indexes": [
        0,
        1,
        2,
        2,
        1,
        3
      ],
      "uv": [
        1,
        242,
        360,
        242,
        1,
        17,
        360,
        17
      ],
      "nuv": [
        0.002777777777777778,
        0.06938775510204082,
        1,
        0.06938775510204082,
        0.002777777777777778,
        0.9877551020408163,
        1,
        0.9877551020408163
      ],
      "minPos": {
        "x": -179.5,
        "y": -112.5,
        "z": 0
      },
      "maxPos": {
        "x": 179.5,
        "y": 112.5,
        "z": 0
      }
    },
    "texture": "a6b53089-3452-48c0-acc0-f34c7a10679a@6c48a",
    "packable": true,
    "pixelsToUnit": 100,
    "pivot": {
      "x": 0.5,
      "y": 0.5
    },
    "meshType": 0
  }
}