{
  "__type__": "cc.SpriteFrame",
  "content": {
    "name": "yanhua_04",
    "atlas": "",
    "rect": {
      "x": 37,
      "y": 39,
      "width": 323,
      "height": 187
    },
    "offset": {
      "x": 18.5,
      "y": -10
    },
    "originalSize": {
      "width": 360,
      "height": 245
    },
    "rotated": false,
    "capInsets": [
      0,
      0,
      0,
      0
    ],
    "vertices": {
      "rawPosition": [
        -161.5,
        -93.5,
        0,
        161.5,
        -93.5,
        0,
        -161.5,
        93.5,
        0,
        161.5,
        93.5,
        0
      ],
      "indexes": [
        0,
        1,
        2,
        2,
        1,
        3
      ],
      "uv": [
        37,
        206,
        360,
        206,
        37,
        19,
        360,
        19
      ],
      "nuv": [
        0.10277777777777777,
        0.07755102040816327,
        1,
        0.07755102040816327,
        0.10277777777777777,
        0.8408163265306122,
        1,
        0.8408163265306122
      ],
      "minPos": {
        "x": -161.5,
        "y": -93.5,
        "z": 0
      },
      "maxPos": {
        "x": 161.5,
        "y": 93.5,
        "z": 0
      }
    },
    "texture": "a01d9bf2-f81a-479d-bc1f-a4081f4a5ed2@6c48a",
    "packable": true,
    "pixelsToUnit": 100,
    "pivot": {
      "x": 0.5,
      "y": 0.5
    },
    "meshType": 0
  }
}