{
  "__type__": "cc.SpriteFrame",
  "content": {
    "name": "crop",
    "atlas": "",
    "rect": {
      "x": 2,
      "y": 2,
      "width": 507,
      "height": 1288
    },
    "offset": {
      "x": 0,
      "y": 0
    },
    "originalSize": {
      "width": 511,
      "height": 1292
    },
    "rotated": false,
    "capInsets": [
      0,
      0,
      0,
      0
    ],
    "vertices": {
      "rawPosition": [
        -253.5,
        -644,
        0,
        253.5,
        -644,
        0,
        -253.5,
        644,
        0,
        253.5,
        644,
        0
      ],
      "indexes": [
        0,
        1,
        2,
        2,
        1,
        3
      ],
      "uv": [
        2,
        1290,
        509,
        1290,
        2,
        2,
        509,
        2
      ],
      "nuv": [
        0.003913894324853229,
        0.0015479876160990713,
        0.9960861056751468,
        0.0015479876160990713,
        0.003913894324853229,
        0.9984520123839009,
        0.9960861056751468,
        0.9984520123839009
      ],
      "minPos": {
        "x": -253.5,
        "y": -644,
        "z": 0
      },
      "maxPos": {
        "x": 253.5,
        "y": 644,
        "z": 0
      }
    },
    "texture": "faee1ea0-f08a-421b-b1ba-c2aff27165a9@6c48a",
    "packable": true,
    "pixelsToUnit": 100,
    "pivot": {
      "x": 0.5,
      "y": 0.5
    },
    "meshType": 0
  }
}