{
  "__type__": "cc.SpriteFrame",
  "content": {
    "name": "yanhua1",
    "atlas": "",
    "rect": {
      "x": 1,
      "y": 1,
      "width": 698,
      "height": 443
    },
    "offset": {
      "x": -162,
      "y": 33.5
    },
    "originalSize": {
      "width": 1024,
      "height": 512
    },
    "rotated": false,
    "capInsets": [
      0,
      0,
      0,
      0
    ],
    "vertices": {
      "rawPosition": [
        -349,
        -221.5,
        0,
        349,
        -221.5,
        0,
        -349,
        221.5,
        0,
        349,
        221.5,
        0
      ],
      "indexes": [
        0,
        1,
        2,
        2,
        1,
        3
      ],
      "uv": [
        1,
        511,
        699,
        511,
        1,
        68,
        699,
        68
      ],
      "nuv": [
        0.0009765625,
        0.1328125,
        0.6826171875,
        0.1328125,
        0.0009765625,
        0.998046875,
        0.6826171875,
        0.998046875
      ],
      "minPos": {
        "x": -349,
        "y": -221.5,
        "z": 0
      },
      "maxPos": {
        "x": 349,
        "y": 221.5,
        "z": 0
      }
    },
    "texture": "a4ce4146-7eac-42a6-97aa-3ffba7e97d7e@6c48a",
    "packable": true,
    "pixelsToUnit": 100,
    "pivot": {
      "x": 0.5,
      "y": 0.5
    },
    "meshType": 0
  }
}