{
  "__type__": "cc.SpriteFrame",
  "content": {
    "name": "yanhua_03",
    "atlas": "",
    "rect": {
      "x": 66,
      "y": 62,
      "width": 253,
      "height": 159
    },
    "offset": {
      "x": 12.5,
      "y": -19
    },
    "originalSize": {
      "width": 360,
      "height": 245
    },
    "rotated": false,
    "capInsets": [
      0,
      0,
      0,
      0
    ],
    "vertices": {
      "rawPosition": [
        -126.5,
        -79.5,
        0,
        126.5,
        -79.5,
        0,
        -126.5,
        79.5,
        0,
        126.5,
        79.5,
        0
      ],
      "indexes": [
        0,
        1,
        2,
        2,
        1,
        3
      ],
      "uv": [
        66,
        183,
        319,
        183,
        66,
        24,
        319,
        24
      ],
      "nuv": [
        0.18333333333333332,
        0.09795918367346938,
        0.8861111111111111,
        0.09795918367346938,
        0.18333333333333332,
        0.746938775510204,
        0.8861111111111111,
        0.746938775510204
      ],
      "minPos": {
        "x": -126.5,
        "y": -79.5,
        "z": 0
      },
      "maxPos": {
        "x": 126.5,
        "y": 79.5,
        "z": 0
      }
    },
    "texture": "221b176e-ff7f-4211-ac7e-780485ae9160@6c48a",
    "packable": true,
    "pixelsToUnit": 100,
    "pivot": {
      "x": 0.5,
      "y": 0.5
    },
    "meshType": 0
  }
}