{
  "__type__": "cc.SpriteFrame",
  "content": {
    "name": "yanhua_06",
    "atlas": "",
    "rect": {
      "x": 2,
      "y": 2,
      "width": 358,
      "height": 225
    },
    "offset": {
      "x": 1,
      "y": 8
    },
    "originalSize": {
      "width": 360,
      "height": 245
    },
    "rotated": false,
    "capInsets": [
      0,
      0,
      0,
      0
    ],
    "vertices": {
      "rawPosition": [
        -179,
        -112.5,
        0,
        179,
        -112.5,
        0,
        -179,
        112.5,
        0,
        179,
        112.5,
        0
      ],
      "indexes": [
        0,
        1,
        2,
        2,
        1,
        3
      ],
      "uv": [
        2,
        243,
        360,
        243,
        2,
        18,
        360,
        18
      ],
      "nuv": [
        0.005555555555555556,
        0.07346938775510205,
        1,
        0.07346938775510205,
        0.005555555555555556,
        0.9918367346938776,
        1,
        0.9918367346938776
      ],
      "minPos": {
        "x": -179,
        "y": -112.5,
        "z": 0
      },
      "maxPos": {
        "x": 179,
        "y": 112.5,
        "z": 0
      }
    },
    "texture": "2266ecb0-fb86-4dd0-9785-ad4e2f2451ab@6c48a",
    "packable": true,
    "pixelsToUnit": 100,
    "pivot": {
      "x": 0.5,
      "y": 0.5
    },
    "meshType": 0
  }
}